{"cameraMode":{"drawMode":0,"name":"Shaded","section":"Shading Mode"},"sceneLighting":false,"audioPlay":false,"sceneViewState":{"m_AlwaysRefresh":false,"showFog":true,"showSkybox":false,"showFlares":true,"showImageEffects":true,"showParticleSystems":true,"showVisualEffectGraphs":true,"m_FxEnabled":true},"in2DMode":false,"pivot":{"x":6.190000057220459,"y":1.0829999446868897,"z":0.20899999141693116},"rotation":{"x":-0.22337713837623597,"y":0.01666373386979103,"z":-0.0038190679624676706,"w":-0.97458416223526},"size":2.0030744075775148,"orthographic":false}