{"cameraMode":{"drawMode":0,"name":"Shaded","section":"Shading Mode"},"sceneLighting":true,"audioPlay":false,"sceneViewState":{"m_AlwaysRefresh":false,"showFog":true,"showSkybox":true,"showFlares":true,"showImageEffects":true,"showParticleSystems":true,"showVisualEffectGraphs":true,"m_FxEnabled":true},"in2DMode":false,"pivot":{"x":2.688244104385376,"y":1.6251487731933594,"z":20.3012752532959},"rotation":{"x":-0.04437125101685524,"y":0.02338329330086708,"z":-0.0010492145083844662,"w":-0.9987611174583435},"size":13.836052894592286,"orthographic":true}