{"cameraMode":{"drawMode":0,"name":"Shaded","section":"Shading Mode"},"sceneLighting":true,"audioPlay":false,"sceneViewState":{"m_AlwaysRefresh":false,"showFog":true,"showSkybox":true,"showFlares":true,"showImageEffects":true,"showParticleSystems":true,"showVisualEffectGraphs":true,"m_FxEnabled":true},"in2DMode":false,"pivot":{"x":8.263927459716797,"y":6.721086025238037,"z":25.775943756103517},"rotation":{"x":0.030581478029489518,"y":-0.032072145491838458,"z":-0.0010097691556438804,"w":-0.999043881893158},"size":14.368249893188477,"orthographic":true}