{"cameraMode":{"drawMode":0,"name":"Shaded","section":"Shading Mode"},"sceneLighting":true,"audioPlay":false,"sceneViewState":{"m_AlwaysRefresh":false,"showFog":true,"showSkybox":true,"showFlares":true,"showImageEffects":true,"showParticleSystems":true,"showVisualEffectGraphs":true,"m_FxEnabled":true},"in2DMode":false,"pivot":{"x":1.8054287433624268,"y":1.37347412109375,"z":20.0535945892334},"rotation":{"x":0.002102289581671357,"y":-0.009592295624315739,"z":-0.00003273371476097964,"w":-0.9999673962593079},"size":13.747795104980469,"orthographic":true}