{"cameraMode":{"drawMode":0,"name":"Shaded","section":"Shading Mode"},"sceneLighting":true,"audioPlay":false,"sceneViewState":{"m_AlwaysRefresh":false,"showFog":true,"showSkybox":true,"showFlares":true,"showImageEffects":true,"showParticleSystems":true,"showVisualEffectGraphs":true,"m_FxEnabled":true},"in2DMode":false,"pivot":{"x":0.7432266473770142,"y":10.204673767089844,"z":2.0485382080078127},"rotation":{"x":-0.06085775047540665,"y":0.00988852884620428,"z":-0.0006155224400572479,"w":-0.9981135129928589},"size":41.767887115478519,"orthographic":true}