{"cameraMode":{"drawMode":0,"name":"Shaded","section":"Shading Mode"},"sceneLighting":true,"audioPlay":false,"sceneViewState":{"m_AlwaysRefresh":false,"showFog":true,"showSkybox":true,"showFlares":true,"showImageEffects":true,"showParticleSystems":true,"showVisualEffectGraphs":true,"m_FxEnabled":true},"in2DMode":false,"pivot":{"x":361.4836120605469,"y":210.67437744140626,"z":-53.56416702270508},"rotation":{"x":-0.009851916693150998,"y":-0.09643783420324326,"z":0.000946094689425081,"w":-0.9953079223632813},"size":110.50308227539063,"orthographic":true}