{"cameraMode":{"drawMode":0,"name":"Shaded","section":"Shading Mode"},"sceneLighting":true,"audioPlay":false,"sceneViewState":{"m_AlwaysRefresh":false,"showFog":true,"showSkybox":true,"showFlares":true,"showImageEffects":true,"showParticleSystems":true,"showVisualEffectGraphs":true,"m_FxEnabled":true},"in2DMode":false,"pivot":{"x":123.58618927001953,"y":217.0099639892578,"z":28.318923950195314},"rotation":{"x":-0.06085775047540665,"y":0.00988852884620428,"z":-0.0006155224400572479,"w":-0.9981135129928589},"size":176.71697998046876,"orthographic":true}