{"cameraMode":{"drawMode":0,"name":"Shaded","section":"Shading Mode"},"sceneLighting":true,"audioPlay":false,"sceneViewState":{"m_AlwaysRefresh":false,"showFog":true,"showSkybox":true,"showFlares":true,"showImageEffects":true,"showParticleSystems":true,"showVisualEffectGraphs":true,"m_FxEnabled":true},"in2DMode":false,"pivot":{"x":247.38748168945313,"y":208.47457885742188,"z":31.5238037109375},"rotation":{"x":-0.06085775047540665,"y":0.00988852884620428,"z":-0.0006155224400572479,"w":-0.9981135129928589},"size":154.40847778320313,"orthographic":true}