{"cameraMode":{"drawMode":0,"name":"Shaded","section":"Shading Mode"},"sceneLighting":true,"audioPlay":false,"sceneViewState":{"m_AlwaysRefresh":false,"showFog":true,"showSkybox":true,"showFlares":true,"showImageEffects":true,"showParticleSystems":true,"showVisualEffectGraphs":true,"m_FxEnabled":true},"in2DMode":false,"pivot":{"x":0.288110613822937,"y":1.6613378524780274,"z":8.952848434448243},"rotation":{"x":-0.0293919388204813,"y":-0.008088638074696064,"z":0.0002236593427369371,"w":-0.9995376467704773},"size":9.764152526855469,"orthographic":true}